"urlid","label"
3,0.601315507054861
4,0.378135204475428
9,0.283735145829847
21,0.203423262129357
30,0.556509638578655
33,0.91221399124382
34,0.307064443125229
35,0.309132582406579
37,0.36235608901671
43,0.165180671510749
49,0.330422483743514
50,0.306388469529552
51,0.471669186314967
52,0.451171811026542
54,0.140196356950319
55,0.904284849624791
59,0.926424594528805
63,0.923589914109903
64,0.14299239705229
65,0.209255074951774
70,0.919774583035648
74,0.906830459538583
77,0.916184467475101
78,0.895204571560896
80,0.220816299647701
82,0.651007920944637
83,0.262171724272787
97,0.383772181078183
102,0.291009348386796
104,0.170805573147783
108,0.255466971228286
111,0.364313591890658
116,0.513254790766161
118,0.852368097331486
125,0.280892016221604
127,0.197268839497892
132,0.3450855001829
135,0.169283958034733
137,0.504777007022516
138,0.446553912258372
139,0.468258303523952
141,0.286950192710004
143,0.941417956838132
147,0.792347436224666
148,0.324507820647628
150,0.549436038196398
153,0.161277510216664
156,0.890574826046936
157,0.132492514495066
159,0.268668631772081
160,0.293852089173411
161,0.935135918007274
162,0.144911547874368
167,0.286394961299321
168,0.23733366047467
169,0.231767564383004
181,0.902032105327525
184,0.250625431246543
186,0.130839253422484
187,0.266490882428083
189,0.142748123252722
190,0.870520102685213
200,0.244473505147493
204,0.165997954653671
205,0.243336573426641
207,0.432504832099112
210,0.157434498442114
212,0.777377184774556
216,0.9466779167224
220,0.856364515412072
234,0.395571474471232
241,0.932882732420569
242,0.116700698498239
244,0.166263065943699
245,0.939948421042103
252,0.316550844821913
254,0.339847198627083
255,0.928733278602713
256,0.526219575357247
257,0.17902597073247
259,0.175017895024846
260,0.346923084058093
267,0.219648316651957
269,0.540267492846478
274,0.569136760263969
278,0.923225013955584
279,0.911389666989615
281,0.944698890183134
288,0.646201490385827
295,0.930871658241881
300,0.24849219123654
301,0.897643794789139
305,0.271822037260252
306,0.9323202896545
307,0.928662678823648
308,0.428629250859892
310,0.471186431476418
317,0.413872204970749
319,0.915010056713096
326,0.288919586142341
331,0.900206629017299
337,0.850519499278661
341,0.107183305474048
342,0.751561868587681
343,0.225026248397511
349,0.288562805246927
350,0.468888646941819
355,0.816758101902665
360,0.909461584741109
362,0.220108984300312
365,0.149390318418242
368,0.165536092776085
373,0.207311327843974
374,0.582154334838014
375,0.423117556926602
376,0.113251071739643
377,0.786434921000896
380,0.117834407076368
384,0.344668466273113
395,0.237927659353333
396,0.933030935513957
398,0.230463925488423
400,0.936560497415584
401,0.916256306814306
404,0.139041572423308
405,0.95881086749253
406,0.846743387061839
410,0.851337826179275
416,0.17420713845421
419,0.264063478802046
422,0.226050245376367
425,0.930640971863545
427,0.230133941807644
431,0.376228382379691
432,0.161746334185591
433,0.148236111379517
438,0.773380342774677
444,0.213869004599131
451,0.179282357984205
452,0.48410966928115
456,0.184516618218192
457,0.207355949885206
459,0.680744398193777
461,0.153628614197063
462,0.563387005126096
463,0.148553950201578
468,0.901183005702102
469,0.866323101995785
470,0.551914585033489
473,0.145106717685771
480,0.267456488379993
482,0.903262213149825
483,0.224970873521998
484,0.895909248160434
490,0.156667215857388
495,0.501733769183209
502,0.169155023235771
503,0.769882010576729
506,0.778717151764412
508,0.905029782135849
511,0.794591363704746
516,0.949674382063922
529,0.148335884343462
531,0.41375168278786
532,0.96262613603132
542,0.949398408503853
547,0.25020259358564
556,0.202962045050906
558,0.127479200474824
562,0.843490779369672
567,0.365419919307258
569,0.830396519295848
578,0.234609679161476
588,0.697682275225026
590,0.926528372068254
597,0.219928316917581
600,0.20956187409826
606,0.21152741626704
609,0.890056622396674
610,0.309554810550854
616,0.626277019949721
620,0.137123603885475
622,0.283552022175285
624,0.198742676094456
625,0.40631125953497
626,0.256568724947179
630,0.151935420191986
631,0.318077871097184
632,0.853346073969769
638,0.486978007774608
639,0.695639993889194
642,0.478546301293094
643,0.57129576400296
645,0.589985157842492
656,0.497392467751693
657,0.29934022228721
660,0.90344132945952
663,0.247958998140616
670,0.24062584561316
671,0.923749719478916
672,0.897587658562201
674,0.645934255679733
677,0.809407228625284
679,0.264937268520166
686,0.575135675873756
688,0.156389266617159
690,0.932885782504204
691,0.322480435788397
693,0.18296135787107
694,0.845389939295248
700,0.886503727981943
702,0.518849056275227
703,0.256221363733266
708,0.810734408998656
710,0.276977653553636
712,0.145867364501616
713,0.579543850982088
715,0.193694210092666
722,0.622370340418338
723,0.571467647801068
733,0.188141195530757
734,0.91521513564174
736,0.194676556709886
746,0.126452449863088
748,0.150674311990501
757,0.940165759979818
761,0.380667894698102
763,0.419742228627271
765,0.304365492474451
773,0.277975124610991
777,0.508805484317788
779,0.954584130840748
781,0.407061436368463
782,0.204342625528567
784,0.158793854117859
796,0.368105516799705
797,0.57967855203953
798,0.251820636655794
799,0.935288529133715
801,0.807793601536568
806,0.580621085994005
808,0.889840259039083
811,0.214698553905934
812,0.956216186045252
819,0.150765724579286
820,0.9307605794568
822,0.145055923662821
829,0.304503972980299
837,0.288525827102294
838,0.750547396985847
840,0.327400491920295
841,0.254151637922223
844,0.231062917435503
852,0.404665885956447
856,0.405658682223011
858,0.153984334786549
860,0.195403785518291
861,0.179877693147766
863,0.913559824116693
866,0.204081216588104
867,0.266570238152094
869,0.707298154186666
870,0.909346420823331
873,0.817724934053435
875,0.544872678244385
877,0.188941327237093
880,0.218632978026045
881,0.396802116494777
882,0.188850196059477
892,0.915858771617245
893,0.495717421642336
899,0.696951572537461
900,0.229237730808698
904,0.427515596041513
910,0.290813071505582
917,0.806028793871981
922,0.452654179167026
924,0.227601038650632
925,0.928308757680704
928,0.274325648202876
933,0.822837627583598
935,0.152160916944644
937,0.676032710974596
939,0.139746962666983
940,0.304642693601363
943,0.229947758706441
947,0.810862549054991
949,0.220044672753946
954,0.169511972957677
955,0.513950546172876
958,0.785228456887939
960,0.412172260476447
964,0.909134359749344
965,0.82939871794583
974,0.349357429191417
975,0.908556416231149
978,0.77206265792829
980,0.217764254222974
982,0.843415928585648
983,0.183704811228464
989,0.887141007008493
991,0.908536828171078
993,0.330487075776459
994,0.934014544414064
999,0.436596984363805
1000,0.830717680490675
1005,0.137948974044864
1006,0.249481925136551
1008,0.715454678839921
1012,0.720051394562396
1015,0.8632398221302
1017,0.175264429776404
1024,0.876042941640275
1031,0.242322282893618
1032,0.650713297414578
1034,0.411339105044746
1041,0.313276361490028
1042,0.844589621291066
1045,0.138142186269795
1053,0.169628723825322
1055,0.817852402423558
1064,0.71496521902368
1067,0.124650724963511
1069,0.311957695226209
1071,0.534111654159288
1073,0.405224770205773
1076,0.134918997363694
1078,0.148933909269478
1079,0.492920351395746
1081,0.219370725505259
1084,0.19121103910797
1086,0.260406045186154
1087,0.862194468795351
1088,0.887585338950881
1090,0.22019162559481
1094,0.261701955305434
1097,0.214597887451052
1101,0.216306343083274
1102,0.252762226031636
1103,0.933223219961491
1104,0.128525847049996
1105,0.25756161602869
1108,0.160448344974973
1114,0.951322843690683
1116,0.734647672794635
1118,0.292028685691216
1119,0.343440357025983
1120,0.732701898535025
1123,0.829828355445044
1132,0.833128758918351
1136,0.641549850532481
1137,0.454028743142714
1139,0.22285873109444
1142,0.185085927247281
1144,0.247722690960509
1150,0.206632889115317
1152,0.260762354298311
1156,0.168136845828811
1161,0.932007893635019
1162,0.945528281490185
1168,0.1793091584629
1173,0.723440240352381
1175,0.176672580556524
1177,0.445998674637508
1185,0.398301339421633
1186,0.86297056674276
1190,0.756420279787005
1192,0.458700714327874
1193,0.429388542512214
1195,0.928612940078083
1200,0.259985082842842
1208,0.681881575105354
1210,0.280453575640082
1219,0.607566110615551
1225,0.692772793685697
1226,0.290948146804449
1227,0.918046733118313
1230,0.292512235829183
1233,0.410837029484839
1235,0.523628912585364
1238,0.318334779484086
1242,0.451899826051446
1244,0.277772870538116
1253,0.39982825631047
1254,0.490796952883822
1256,0.23809239161148
1257,0.920564054359338
1259,0.163753320753401
1267,0.189595421325942
1275,0.957905279182203
1276,0.884276608422512
1283,0.490059424495341
1288,0.200281217286306
1289,0.293569776561805
1290,0.614973103530301
1294,0.209897133429388
1295,0.205647439907693
1296,0.697495298043162
1297,0.841571353873169
1305,0.217631687990003
1306,0.919776148798287
1310,0.247625615292496
1311,0.301755568473295
1313,0.279992979838298
1315,0.292664045274478
1318,0.405350065632267
1320,0.946865119818697
1324,0.763033703631415
1332,0.650512771074524
1333,0.940109031772443
1334,0.175814233857197
1335,0.291314538975886
1349,0.935350225237164
1350,0.175983115614602
1352,0.939270239492933
1353,0.60683083432768
1354,0.309718245253321
1371,0.856685438102748
1372,0.309544483691069
1373,0.333423018298286
1377,0.172049224628785
1390,0.171333762015074
1392,0.271654455185038
1394,0.150014085475115
1398,0.895220130083469
1401,0.919652749768566
1407,0.466609441874761
1409,0.722330298293912
1410,0.154914086254689
1411,0.60878742094708
1413,0.742449114814593
1414,0.956963542491807
1417,0.898492263872618
1418,0.966287128615543
1420,0.521519590599367
1421,0.418690859686906
1424,0.941939713643545
1426,0.299835537150725
1428,0.699279021360665
1430,0.658459492400518
1432,0.390435879179378
1433,0.947949891340936
1434,0.744818865611812
1435,0.812318946648977
1437,0.618327733045071
1452,0.394332651154971
1453,0.275748647839425
1456,0.934611853768378
1457,0.853690632055431
1460,0.720731099328479
1464,0.932189073403868
1468,0.154744092690779
1476,0.278755059906356
1478,0.156315116353468
1479,0.296471022465642
1488,0.919745666613929
1497,0.308091465947176
1501,0.914895316021042
1503,0.931280773442632
1508,0.551674179204892
1512,0.847393274357668
1516,0.807025712689774
1517,0.289052565290115
1518,0.211304659029167
1520,0.242690586279361
1526,0.301804282335013
1528,0.265102760678075
1532,0.795663508233818
1533,0.909661298108257
1534,0.691451967824972
1537,0.472033668006387
1540,0.200046343868601
1543,0.226032724301013
1545,0.491023780912479
1550,0.275453064551143
1551,0.558257265209014
1552,0.525484063965449
1556,0.494310795613606
1560,0.933510988545358
1563,0.929726957461405
1566,0.568517734542478
1567,0.901823238592229
1568,0.180110634148509
1569,0.879228616296903
1572,0.827220749633507
1573,0.791968353761972
1574,0.238657866150868
1575,0.168057970292232
1578,0.260562107658018
1582,0.545004727738993
1584,0.127985751553501
1586,0.171728613608884
1587,0.515294473687909
1590,0.26945865908388
1591,0.154937623179805
1593,0.599994766709646
1595,0.185367578939576
1601,0.919183035826025
1602,0.794751295330438
1604,0.222130440608222
1606,0.141065696638815
1607,0.397193780801842
1609,0.290215038095178
1612,0.892082838032961
1618,0.158249899693588
1620,0.76141191158627
1621,0.327090719397148
1622,0.4258923359173
1626,0.232987161807136
1629,0.86061934411389
1638,0.840443288120218
1639,0.199266549458927
1643,0.238439392468466
1644,0.161301740918114
1646,0.582645368450816
1647,0.409615589966635
1652,0.24926984779421
1654,0.420550322725362
1657,0.866570092798193
1658,0.921083017173979
1661,0.937138104762251
1668,0.906955057245792
1670,0.797257050598181
1676,0.193149729057894
1680,0.477300714794099
1681,0.928415834116997
1684,0.52491632663841
1687,0.215437479255367
1690,0.226703054730204
1694,0.864094635912661
1697,0.915762590144662
1700,0.940996339146406
1701,0.435434253921501
1705,0.172230759596719
1706,0.462025783581145
1707,0.924159743994691
1712,0.929846936878041
1713,0.730525228506945
1714,0.239384826810832
1717,0.442981812202474
1719,0.398660928245854
1723,0.873771344444638
1726,0.358546687434192
1736,0.359018222184971
1740,0.886152545285929
1748,0.235381282309636
1749,0.168128121101217
1753,0.292319844092055
1757,0.233317919454136
1764,0.160514713264433
1766,0.223856204020454
1769,0.84852324315568
1773,0.285224342042335
1779,0.942531680842617
1781,0.302081663811721
1782,0.930779354542084
1797,0.45121918888108
1799,0.57113562625578
1800,0.60199344011544
1802,0.301034972770753
1803,0.905351176446487
1806,0.268984851552898
1810,0.794097853038996
1814,0.164943117538745
1815,0.437689089183762
1816,0.126954291145004
1821,0.299116105976868
1832,0.254517401924964
1836,0.173304263751711
1840,0.732731604038989
1841,0.860637864872578
1847,0.281847224214646
1849,0.386788099459505
1857,0.430729914165858
1860,0.444176780750789
1862,0.296267495325691
1863,0.182054434342155
1866,0.213198547033276
1869,0.168948125603602
1873,0.179674745084681
1874,0.395765583717074
1878,0.851434603237517
1879,0.447175267382026
1881,0.270282167638084
1882,0.86919018898762
1884,0.671045093474801
1895,0.181134038840808
1898,0.179334538752758
1903,0.941218118334337
1906,0.421265743815674
1908,0.903554633368355
1909,0.389451379123047
1910,0.486716095651539
1911,0.846461068144502
1916,0.860284506675772
1920,0.448768605008157
1922,0.443988012226394
1923,0.296482780642369
1924,0.327110892178791
1926,0.91867120471478
1931,0.221602827227323
1933,0.159724167386892
1934,0.938335277707263
1936,0.178201346080907
1940,0.409376338636506
1941,0.338970034673494
1949,0.709106521950242
1950,0.913543847724461
1957,0.214402805662685
1959,0.158184329123127
1963,0.690680131532217
1967,0.206432266882994
1971,0.153782243927847
1977,0.388264993003868
1978,0.162643175465414
1979,0.848210718339697
1981,0.936967567121767
1985,0.53177541718425
1988,0.220925136150958
1992,0.685620634836198
1994,0.945146295186081
1995,0.928233096237558
1997,0.201354976196989
1998,0.184342005256125
2001,0.733348272349947
2002,0.945614002249734
2003,0.909073813012431
2004,0.802465488991377
2010,0.227479458304266
2012,0.5418394071416
2014,0.885987083162249
2016,0.157495626820921
2017,0.446246249357355
2018,0.911559503850933
2019,0.355231875209489
2020,0.776936970253359
2024,0.771880270515641
2028,0.926080265169026
2031,0.923540082434944
2032,0.364441953649569
2033,0.428180456893242
2034,0.589392700379844
2046,0.246527256166513
2049,0.158866054885069
2051,0.950000359266401
2055,0.590606312995348
2064,0.923518130379921
2065,0.388117918397216
2068,0.876265739301312
2072,0.71054314960789
2073,0.535917075272454
2074,0.912732577846474
2076,0.303532041012344
2088,0.901373160916681
2089,0.937266818261858
2093,0.903426652481888
2094,0.944595936335507
2097,0.306710939040508
2101,0.284331138171993
2102,0.19830799788067
2103,0.88978325594159
2108,0.280974130439843
2109,0.867296642608602
2111,0.643515110157531
2112,0.677065284312238
2115,0.272011786858928
2117,0.39330425364658
2119,0.244460166221537
2122,0.779764227457008
2123,0.184329245145148
2125,0.755930463966299
2126,0.845687770724812
2128,0.467078521919478
2130,0.226166964637248
2133,0.339024505184121
2138,0.546398531172408
2139,0.506904583173803
2144,0.1853356190751
2147,0.168641302169443
2153,0.119030305219586
2155,0.943480362566419
2158,0.138699860799777
2160,0.90655710144843
2164,0.872537280508269
2168,0.722257080625619
2181,0.271232039323312
2183,0.207366694481263
2194,0.266463093208508
2195,0.563495025184878
2196,0.293375290884839
2197,0.631393623500007
2201,0.230461387817838
2202,0.913277030436439
2205,0.223928539915941
2208,0.6101862538663
2213,0.711315780770128
2214,0.486098194358174
2215,0.861108329798729
2217,0.917440078745582
2220,0.180936250171864
2227,0.60972614719801
2228,0.536624109892135
2233,0.937060391276533
2234,0.235225948611662
2242,0.875704553895764
2244,0.413809070672199
2248,0.607506752298379
2250,0.574863798145294
2253,0.880203400817618
2261,0.323331351906722
2263,0.924238342914873
2271,0.568270826615194
2276,0.179352980271175
2291,0.927654161015215
2298,0.885632866014073
2299,0.24472907125254
2300,0.44885007517951
2301,0.223861201931797
2303,0.255382343758822
2307,0.945008531868104
2311,0.220260785333884
2312,0.311214375040519
2313,0.228001631413719
2315,0.97184735462024
2316,0.921554983373738
2317,0.280667855613588
2324,0.123707127316309
2326,0.180834148569198
2329,0.798428402524345
2334,0.944563988044066
2336,0.778741382517293
2340,0.278357191348365
2341,0.356378836767398
2347,0.261974720516161
2356,0.211568125729151
2357,0.160223276386212
2360,0.293709543610347
2362,0.438794005433888
2364,0.919853509209998
2365,0.230955407100025
2369,0.160863526263775
2372,0.412640760888041
2374,0.162283619066604
2375,0.930797622443402
2376,0.289376293365725
2380,0.894861395583579
2385,0.376731221622683
2387,0.211671463521939
2388,0.865836513494224
2390,0.227138718923951
2393,0.388133962476848
2398,0.656259969658926
2401,0.126930900885886
2403,0.175975707095361
2409,0.876838928668039
2411,0.255788327656376
2414,0.206505269320781
2416,0.256095612240771
2417,0.753748254759
2426,0.177142323365661
2428,0.263683948368613
2430,0.935112523241533
2431,0.456680561655847
2433,0.862219914254688
2445,0.471692448941825
2447,0.267257470840569
2451,0.754235996071856
2453,0.480845356685228
2457,0.487132267611868
2461,0.217131876241208
2464,0.333534866556403
2470,0.308433309071297
2472,0.30424503463408
2474,0.920642213111541
2476,0.855210497107097
2481,0.151049712728678
2483,0.877703200897333
2484,0.351868838046863
2486,0.844134795139833
2488,0.807750033860845
2490,0.792286060105297
2497,0.864480342175252
2498,0.150148106219107
2501,0.217950246063307
2503,0.336566288784741
2504,0.878972682038143
2505,0.551558628415144
2506,0.190059412974237
2509,0.862299032358526
2514,0.253046664525716
2519,0.276016779063714
2522,0.152447469802843
2536,0.872756273379153
2537,0.944626880383866
2540,0.171858366969153
2541,0.164452823255171
2542,0.159047717926983
2543,0.280657508346413
2544,0.6632897372329
2547,0.788384962581482
2548,0.401479906154337
2550,0.536531655812046
2552,0.866229185258802
2559,0.543641169708825
2560,0.176756749409926
2564,0.832349576006103
2569,0.246507270661442
2571,0.129101412493644
2573,0.202427110129077
2574,0.902179960322985
2575,0.850077874711659
2580,0.178252195852396
2588,0.438344065873221
2591,0.924878325560195
2598,0.958292252974388
2600,0.472600562760976
2609,0.491051883584708
2612,0.182377001233075
2620,0.445515010013914
2621,0.479546273477184
2624,0.944794685001669
2627,0.225677917629485
2630,0.667505666749151
2631,0.952104532159596
2634,0.932489821308879
2639,0.18740045844291
2640,0.283830500930447
2649,0.179817082360937
2651,0.465452705893316
2652,0.788922914042761
2654,0.121866261952653
2659,0.594328446610646
2660,0.943484513965509
2663,0.451174519444831
2667,0.331834619872673
2677,0.477696694855491
2680,0.477247353881356
2682,0.423579981470094
2686,0.3190771023747
2691,0.934348843845642
2693,0.425472476010962
2706,0.903564886965136
2707,0.188012294275474
2710,0.600354933188847
2712,0.409459791706322
2714,0.508776822783815
2723,0.945873844369707
2726,0.653464008085937
2727,0.224376731410154
2730,0.892250378551377
2731,0.290945642242115
2735,0.18156616925937
2739,0.934230198346558
2743,0.183204455475448
2746,0.73892758276791
2748,0.578443338347664
2751,0.956443011062072
2753,0.197073014491316
2754,0.198353121160089
2758,0.920239651526711
2761,0.278898632294795
2763,0.726493097454037
2765,0.95734442958946
2766,0.52778062088462
2769,0.320799491103165
2770,0.281648424699895
2772,0.395665318425905
2779,0.234676360804855
2788,0.293421592598086
2790,0.54442472321343
2793,0.541289565966089
2794,0.521532653077203
2801,0.801469615411863
2804,0.174141327215502
2805,0.810917461689269
2806,0.112566221819365
2809,0.938774611188943
2811,0.254527791445874
2816,0.656756729870341
2817,0.918402280090162
2820,0.440858758950068
2827,0.112856623514866
2829,0.15701326986419
2831,0.310071193303061
2833,0.196219028605557
2834,0.274848094521562
2835,0.456119593347049
2837,0.126169618584379
2842,0.242367699642396
2845,0.941698539555381
2847,0.180598616040409
2850,0.270653478276589
2853,0.379549053863582
2855,0.124671794923836
2856,0.88024476271161
2862,0.158173662583889
2863,0.872601780517526
2864,0.147379008298075
2871,0.211897987605544
2875,0.444703526073397
2879,0.680266362050355
2882,0.783483537360127
2884,0.180841278791272
2887,0.39064411377361
2889,0.888480632138202
2896,0.154107365676513
2900,0.513420717613641
2902,0.928281915369494
2904,0.229437392850136
2916,0.459266481638002
2919,0.863224618646063
2922,0.310146759260841
2929,0.680370102154312
2936,0.225859236505556
2938,0.288639556142335
2943,0.169239044331673
2947,0.434959972518814
2953,0.938024437123377
2955,0.808075608107924
2960,0.248549491378698
2961,0.220184297279246
2962,0.326404413348891
2963,0.932520672019485
2964,0.215044737122162
2965,0.930855665751927
2966,0.12410317437162
2968,0.944726451605549
2969,0.401958410605928
2970,0.542384714474912
2972,0.90876776432188
2974,0.383993120490918
2978,0.322342463547703
2982,0.911888111405405
2985,0.92409277338152
2986,0.195246661488554
2992,0.30617416806989
2994,0.666600032840206
2999,0.332703934803409
3001,0.797385926367154
3007,0.25596498252304
3011,0.279935668240981
3014,0.71439007739101
3018,0.40977018511089
3020,0.391317618792249
3024,0.944818742150185
3026,0.388264993003868
3030,0.294430040222081
3035,0.689661285584338
3049,0.889513853345882
3052,0.317505551803199
3055,0.304179996143716
3056,0.264998778271671
3059,0.925187921618637
3065,0.22729977849255
3071,0.835321535387865
3074,0.181927493071397
3076,0.410966373854989
3077,0.490799680995122
3078,0.940636638374398
3084,0.93126413252023
3097,0.856405559194191
3104,0.960200454368822
3105,0.932223271341435
3106,0.255185539318582
3108,0.245348568023994
3117,0.353010188808375
3119,0.231596847487459
3123,0.821439623559769
3129,0.257994922495306
3135,0.685254721031002
3137,0.802674385944532
3146,0.272508672389257
3147,0.913612233141534
3148,0.205580594866408
3149,0.212892248251372
3150,0.173287002534048
3156,0.158464145788605
3163,0.217152119310659
3164,0.221443458962683
3168,0.945990815801421
3169,0.638375779807378
3170,0.945312108872514
3175,0.868123163462248
3176,0.574670836011896
3177,0.552466026016888
3181,0.292434581081489
3184,0.340738123836285
3192,0.887774778549562
3194,0.229245019391577
3199,0.77794863216608
3203,0.543460231436199
3205,0.246239373176246
3206,0.845419088915776
3210,0.673079914623451
3211,0.350699161729214
3212,0.707908314368042
3215,0.164681343419764
3218,0.446616501721676
3226,0.775277318919358
3229,0.276352779859549
3232,0.670666160581723
3237,0.544425516402929
3242,0.219295678647078
3251,0.313308854095945
3252,0.214088433010671
3253,0.652108014386552
3258,0.46797391307837
3263,0.852716456517882
3264,0.544046912430775
3266,0.936268720279392
3270,0.867674819909629
3281,0.340069467598281
3282,0.30273900573719
3289,0.31200650313596
3293,0.269771382591938
3296,0.3543827708955
3298,0.312731076123783
3299,0.175611978531923
3300,0.345410563425429
3305,0.138750142585461
3310,0.912915068457985
3313,0.441106765123234
3319,0.941497341922944
3321,0.869305660249729
3326,0.168403161560699
3327,0.923129732795554
3334,0.922899858585161
3337,0.323618616174339
3340,0.807252594356578
3343,0.324294624401424
3350,0.227142121985976
3354,0.181384234297761
3356,0.739944137181229
3357,0.885437657974707
3358,0.184218841321472
3360,0.626603240724421
3364,0.800218563348691
3379,0.233736532719736
3386,0.283688486505336
3388,0.154681170235092
3400,0.486091557181688
3406,0.770968266110743
3407,0.379036512520962
3411,0.351165994674578
3412,0.891483760383759
3414,0.696897968456646
3416,0.958363199972938
3417,0.158974891528236
3419,0.537693585243187
3420,0.793672995090721
3422,0.19645898083024
3427,0.537419076255212
3433,0.512552455998665
3436,0.291094453608946
3443,0.726922372823783
3445,0.230272383857685
3448,0.225647935438816
3449,0.747455615123584
3450,0.924126397696036
3451,0.326376389004422
3453,0.612020665462032
3459,0.427687065414823
3460,0.891639036099967
3463,0.122272295063796
3473,0.893788900117115
3475,0.164962360267548
3476,0.18781251506169
3478,0.335736047454985
3479,0.934643605940355
3503,0.204116906755099
3510,0.321047101446728
3513,0.395475977686902
3519,0.262057522662464
3520,0.924696957944393
3522,0.785272920951515
3524,0.73797830529566
3526,0.906527270488744
3529,0.139222462977798
3531,0.241438386461632
3536,0.224271179524239
3540,0.801106305606333
3541,0.452964017603231
3542,0.345260445772583
3549,0.524124210024788
3557,0.941972900509766
3560,0.167730906053643
3563,0.93962095163196
3567,0.254065800849767
3569,0.330205237983555
3572,0.444504435173028
3575,0.947722596559473
3577,0.683516057586247
3578,0.611157323795597
3582,0.905116824901093
3584,0.354091285634589
3585,0.398460175217354
3589,0.551587885544347
3592,0.396362262066256
3595,0.356438519202771
3596,0.904007670179546
3599,0.364934603286255
3602,0.384079654998277
3605,0.940632789761016
3607,0.326124596772964
3608,0.593325082388023
3609,0.275246012253498
3615,0.238665971073136
3616,0.360063642716132
3618,0.227380713574535
3620,0.932441390064168
3624,0.905221991263853
3625,0.22074470227318
3630,0.191061987423568
3638,0.842337756477578
3639,0.432055776461994
3640,0.226613949514702
3647,0.712509626255036
3656,0.880632828292798
3660,0.306608975278819
3663,0.157652705452649
3664,0.143735713338044
3665,0.243363916104015
3671,0.809047178853161
3674,0.244203061936377
3681,0.895707749987414
3684,0.547605150135994
3685,0.21138727037539
3686,0.212678477179409
3688,0.194261607810214
3689,0.887078222077385
3693,0.291605412513739
3698,0.237145276119995
3702,0.819849187275574
3703,0.866399207172601
3704,0.70060283155335
3706,0.1663870364896
3707,0.384934590555061
3709,0.885640645548345
3716,0.843782449085778
3722,0.892230959802115
3728,0.146630800616375
3731,0.941128343688961
3732,0.837459592646438
3734,0.15002890906809
3739,0.370341006905647
3743,0.848282272265293
3746,0.718571688887189
3748,0.588706491603405
3750,0.925261827347991
3751,0.170132756319282
3752,0.43205390385461
3756,0.209786473213422
3757,0.265618465175242
3758,0.909177128469784
3764,0.170566692424569
3775,0.139425068740301
3776,0.848883875199043
3781,0.253962570790393
3782,0.19105056417951
3784,0.739564864044313
3786,0.376457622112097
3789,0.183718984043517
3791,0.924799654598436
3793,0.170647361869682
3797,0.25031610873549
3801,0.896302187843397
3803,0.838050070609561
3807,0.92415407639111
3808,0.898926637072077
3809,0.377122144077127
3812,0.925452698192096
3816,0.180322211659183
3822,0.205583518357328
3825,0.361657559684567
3828,0.587612346547577
3830,0.923553359894575
3833,0.350636813903374
3834,0.201375339538751
3835,0.644141113253894
3839,0.505110364652275
3840,0.521143271274151
3852,0.445251596887724
3853,0.552250916537255
3854,0.902224252210596
3862,0.501155490744052
3864,0.250749455521942
3867,0.234486080950186
3872,0.32450147469228
3878,0.171202544697574
3883,0.486590308731669
3885,0.80484665639013
3887,0.837033416723379
3893,0.235892691291791
3894,0.19114062833035
3898,0.243177598180809
3902,0.210583459417716
3905,0.392226316562258
3912,0.251604755522706
3913,0.25531715293244
3924,0.816155568104618
3925,0.834813723983665
3926,0.147107167984251
3928,0.203618354874132
3930,0.496900058098439
3931,0.440407060590051
3932,0.180480974933002
3934,0.365365715868907
3936,0.829013031798555
3938,0.255351836769533
3941,0.822773094396282
3944,0.975534989447813
3945,0.838282105574431
3947,0.256215843665108
3948,0.474558169615744
3958,0.498232419902666
3963,0.19656886410261
3970,0.311733729453955
3972,0.275204897225561
3985,0.33274499834246
3987,0.184996329645058
3988,0.901207741384042
3995,0.870632674779874
3999,0.133786514671068
4004,0.596595642990802
4006,0.789518242812407
4010,0.952897896697327
4011,0.390337158508837
4012,0.503966432686179
4019,0.523139222288522
4024,0.196882943482118
4028,0.600481914839886
4032,0.750006391842178
4033,0.201408011107813
4035,0.406433227812884
4037,0.973539011354416
4044,0.594354403128161
4052,0.164253200950953
4053,0.214490808249566
4054,0.352276399447434
4055,0.899690906175167
4058,0.379225277076064
4059,0.907828730756605
4073,0.860883362108732
4076,0.265952798225526
4077,0.864900960088729
4078,0.288069071499558
4090,0.569095223923745
4093,0.746941771214047
4094,0.178112925466371
4095,0.171853038806339
4100,0.572846202660811
4105,0.218245843344022
4107,0.433752840383522
4109,0.528385687907837
4112,0.8132608729879
4114,0.82349615601666
4116,0.573615558802057
4117,0.217708942901434
4120,0.264396040992512
4122,0.158246124429124
4124,0.227086024327821
4131,0.404258758507371
4132,0.79868274755458
4139,0.258834805335081
4143,0.29173395257076
4152,0.195653670530518
4164,0.309266503949986
4175,0.459258313677257
4176,0.458339515532279
4186,0.167004931180148
4190,0.165159687997452
4193,0.179320068407778
4194,0.167188901784764
4195,0.263350824020208
4196,0.703762905260131
4199,0.898097425288464
4206,0.175186387429408
4209,0.126149828129679
4220,0.257527732753218
4221,0.382873895127723
4229,0.914596254297886
4230,0.50854168675732
4232,0.281956627424988
4236,0.176449193528807
4239,0.194408456595992
4240,0.359744080431969
4243,0.479642346527329
4250,0.336533399696756
4258,0.925017518962709
4262,0.83087117144887
4264,0.923928106798125
4268,0.538464107663945
4271,0.203403729177061
4272,0.357003062421808
4274,0.197394099979348
4280,0.266305094970811
4281,0.29428115294476
4285,0.272046026596839
4291,0.528553766302139
4292,0.443293197742234
4294,0.898076496446534
4295,0.156774284436635
4296,0.813608224356947
4298,0.230936170152349
4305,0.827979290912364
4306,0.762614348092578
4307,0.579310874305633
4309,0.163894647735401
4311,0.175611268061846
4317,0.24206364965615
4319,0.159405542910726
4320,0.928193627184382
4321,0.227078259632681
4323,0.73647858010415
4328,0.673878127762226
4332,0.930766618987799
4333,0.857963507101439
4335,0.155858844447594
4337,0.31255911035468
4348,0.530361422526022
4351,0.495268739502696
4354,0.332555985757198
4359,0.484740715637928
4360,0.2945826495267
4363,0.931746922914868
4364,0.92724132535388
4366,0.406580098158832
4370,0.841071128618815
4375,0.603124881073233
4382,0.927803667904617
4397,0.776344569964363
4403,0.206144307084675
4405,0.165761048735098
4407,0.882068654452713
4418,0.260329471702491
4431,0.953664281152381
4433,0.912323944103312
4434,0.353027758771105
4436,0.173695666004212
4437,0.245980730421616
4438,0.839181252371871
4439,0.913255394757156
4442,0.928608751882184
4445,0.910292195573565
4452,0.909238585694315
4453,0.264523942699092
4454,0.200574272172717
4456,0.945997225431983
4458,0.593974815017299
4460,0.167822512888791
4461,0.18234978865923
4474,0.907660115353943
4477,0.108410100594341
4478,0.770736823704552
4479,0.760393247723516
4481,0.153747441828244
4482,0.868234442485996
4488,0.326381271432002
4494,0.867874429011668
4496,0.817635929448614
4497,0.444911633336405
4498,0.372171202302733
4505,0.188962775586191
4506,0.819948870034987
4509,0.294939965835263
4512,0.269517716108092
4513,0.931666228061461
4516,0.120918851800042
4519,0.220117695477553
4520,0.354365818426396
4523,0.940625733685063
4524,0.212683008393477
4526,0.91242993052199
4529,0.233832797444642
4532,0.300405341845708
4533,0.819827624791773
4535,0.204949042998943
4537,0.486287398747639
4539,0.237705825288704
4547,0.26125493137107
4555,0.26356161100955
4559,0.234606355001028
4561,0.328951946179503
4563,0.26058761301432
4564,0.197674935305158
4567,0.373641511743449
4573,0.242829387968425
4575,0.188252978893356
4576,0.615111538070432
4580,0.915357629067691
4583,0.940777034296875
4588,0.258294670621793
4592,0.235174688884412
4594,0.493042453227888
4597,0.310960120056391
4601,0.954181257591366
4604,0.925511558735615
4605,0.199551131610572
4610,0.155297219335408
4614,0.23835784586897
4615,0.929452894008561
4617,0.663289557276359
4623,0.934858025607523
4625,0.895363807598667
4629,0.926309575949518
4630,0.487822088689841
4631,0.163597905941342
4632,0.58004767395109
4634,0.242055387386476
4635,0.260656443016465
4637,0.234741496129442
4639,0.778389036401331
4642,0.610195132879686
4646,0.501916531889305
4649,0.187267128308576
4650,0.38014161122432
4651,0.306086122706713
4659,0.465951597418824
4660,0.918286899034461
4661,0.787771603110431
4672,0.373495566491049
4683,0.363598683870898
4687,0.332376442107642
4694,0.325771776734824
4697,0.669289436614671
4700,0.192347854546505
4703,0.153068386033585
4704,0.747006083957512
4707,0.940646993533206
4713,0.727885198327699
4716,0.125575612152335
4717,0.898458918686146
4723,0.26705352521399
4726,0.932755060877543
4729,0.238089949732717
4733,0.888281158216351
4738,0.933583923954887
4739,0.205195547652405
4740,0.936936615796271
4742,0.34104088101262
4743,0.361841926808357
4749,0.243984329291029
4750,0.15421136201154
4753,0.219917129571392
4754,0.260407853398061
4755,0.791897932039153
4757,0.578051368262969
4760,0.266648228761382
4764,0.482727871417161
4766,0.202248020605258
4767,0.928496966316587
4768,0.213651809461272
4769,0.296183921150324
4772,0.590993019886481
4776,0.229130578251278
4785,0.166567633494013
4786,0.327872873700619
4790,0.730631458102078
4796,0.176727939001077
4799,0.922949892133319
4801,0.887613634423774
4803,0.376223573813067
4804,0.424545683557776
4805,0.926112469087858
4806,0.870732291633738
4807,0.385609571594527
4814,0.266479645967824
4816,0.443347292625492
4818,0.640369796371867
4819,0.859069545823236
4826,0.212649565694275
4827,0.469565813514078
4832,0.816060071484492
4839,0.240266156920199
4842,0.500653758914651
4844,0.790713662147202
4848,0.329423575196383
4849,0.789578173522709
4850,0.933036776521297
4859,0.938169240552169
4866,0.947406458177603
4868,0.914869850845163
4871,0.813221894080481
4872,0.486818598237857
4873,0.22186330005654
4874,0.68274289325652
4880,0.4605159852031
4882,0.698081927696656
4883,0.640673746907554
4886,0.91710904181516
4890,0.959880167341736
4892,0.183726515476716
4894,0.903529026173774
4900,0.221967465284642
4909,0.175685343665356
4911,0.928638156755299
4912,0.142595756707059
4922,0.264122497763286
4926,0.935492893730508
4931,0.218905268255417
4935,0.23124401371124
4936,0.427418301108445
4937,0.413377505343447
4939,0.443580070217607
4940,0.917558044034467
4941,0.244015481013358
4943,0.217100805313993
4944,0.859169447091813
4954,0.230618403916319
4958,0.928769752176708
4963,0.243677449518941
4966,0.935916186729984
4967,0.788084686702691
4971,0.451436434623169
4972,0.878551114718574
4974,0.925237631198445
4976,0.192053289099218
4983,0.152259953247736
4984,0.843590639989564
4986,0.842400393962815
4987,0.451174672156049
4988,0.243617461860287
4993,0.204186961920586
4995,0.173711057562931
4997,0.672269441198007
4999,0.392890597295411
5001,0.403307842262002
5007,0.833657546115122
5008,0.348727019404249
5011,0.93884867661307
5018,0.483722746175709
5026,0.122518329080412
5030,0.544535075972781
5036,0.602715897165459
5038,0.520901072796407
5040,0.449306297583738
5042,0.475730802827982
5043,0.239829245573654
5045,0.828472282336161
5046,0.208539184636283
5048,0.231288906800707
5051,0.620231565526776
5058,0.788139580309803
5059,0.196751734826467
5061,0.235287455316169
5068,0.93206965160411
5072,0.482976888924465
5081,0.182347118211888
5086,0.803293924893848
5092,0.920667264354801
5093,0.898442012486692
5099,0.820451831130789
5101,0.444871320610933
5104,0.564197420220399
5105,0.912434879455836
5106,0.760147449378869
5113,0.298515587215421
5117,0.191373981223052
5119,0.61271492816858
5123,0.945729473600438
5125,0.280504654415351
5132,0.262529445673587
5133,0.616791486020758
5134,0.356180329000192
5136,0.648408109399629
5139,0.75405306993323
5142,0.189021050579757
5143,0.170311902426222
5145,0.953239895493331
5150,0.22575794940723
5157,0.874945096708258
5164,0.289437072019591
5170,0.301400564177396
5178,0.200295570140318
5180,0.793127588752991
5192,0.16752944440093
5193,0.197137826253965
5194,0.112531551825121
5196,0.160186391200627
5206,0.953209491635723
5214,0.202768718908587
5215,0.30226766970089
5216,0.500667297519866
5224,0.360907043731027
5225,0.260579654196749
5229,0.273008082371755
5230,0.156711454882107
5231,0.2190222853313
5233,0.91744583249113
5234,0.21681015883184
5239,0.541550834281971
5242,0.181527985055928
5256,0.285833796829207
5262,0.150019921341152
5264,0.883296128862547
5269,0.20039543598189
5272,0.40842678417918
5274,0.330774049788729
5283,0.24606196871379
5286,0.937655771483968
5288,0.20561262027387
5291,0.92529578409924
5292,0.222273585373897
5300,0.205442409719116
5301,0.743737725881195
5303,0.217718308000615
5306,0.500138913229464
5308,0.498935586366696
5313,0.596285292760139
5319,0.221822578344532
5321,0.828268839312129
5326,0.735369212592375
5328,0.234401604326851
5329,0.201862437308995
5330,0.464221086836082
5340,0.257866110950004
5341,0.189101621259338
5342,0.161277510216664
5343,0.926380740749559
5344,0.469519676567965
5345,0.88542543722348
5347,0.217685072403752
5350,0.160788917715403
5357,0.889329476407114
5360,0.395974235978771
5362,0.186008554226116
5364,0.608250125714565
5365,0.157132345971288
5367,0.330608156769321
5375,0.903742639618834
5377,0.259447402323716
5381,0.887005138179273
5385,0.93986446681041
5386,0.278563693306148
5388,0.453057141313281
5397,0.241016449125181
5401,0.34715581344684
5403,0.456027647563763
5407,0.52810264551119
5409,0.875486131856691
5412,0.933843013625545
5417,0.327777094162368
5418,0.190252719684445
5421,0.948684360955893
5422,0.419725370787595
5423,0.901318349589286
5424,0.529146141020085
5426,0.548493395864868
5431,0.43538913320428
5440,0.23487463232607
5441,0.160915843709163
5445,0.722745302737366
5448,0.946529537062136
5449,0.844044457701711
5452,0.83171126008382
5456,0.293790080015885
5458,0.924906266361474
5461,0.883308638860327
5462,0.48006840482476
5468,0.14736242511323
5473,0.910922945321344
5474,0.57069061822806
5475,0.923876040100616
5476,0.354209620311394
5480,0.289416817670651
5486,0.502316175049553
5489,0.183735732340715
5495,0.29592324022795
5498,0.639997240480205
5503,0.168797652403552
5505,0.258335816474804
5509,0.794983944037944
5511,0.880059981148247
5513,0.287001346007632
5514,0.372698919576921
5516,0.211430471817107
5517,0.711147684938284
5518,0.304836489408021
5524,0.92478679754774
5525,0.240800788337165
5527,0.206799776679679
5529,0.321791862999545
5533,0.842730628305273
5534,0.169250384422001
5544,0.899696122241056
5548,0.228038607358714
5552,0.924466064344755
5554,0.911318546208511
5557,0.683460252935251
5558,0.168461777016679
5563,0.194783990938374
5564,0.286957441904982
5569,0.941524207528073
5570,0.399037460386006
5573,0.264398432846911
5575,0.902021886221036
5580,0.187994112254619
5584,0.817688596214635
5591,0.163395349773834
5600,0.340586244612519
5601,0.929644316161986
5602,0.226856133673645
5605,0.197685691913561
5606,0.51214578844636
5609,0.922639485345816
5611,0.937307906375649
5617,0.461495143880269
5619,0.377995385282938
5620,0.347139521878094
5624,0.249937357427016
5625,0.3329821016853
5626,0.156523105889029
5627,0.203866949996195
5633,0.398756044378784
5639,0.419365676251043
5641,0.16283128582698
5645,0.308821269137238
5646,0.203077009255494
5649,0.913810970352783
5657,0.275491635223249
5659,0.928806463031427
5661,0.274319766417077
5662,0.196974499415533
5663,0.906055239290605
5665,0.276186767140469
5668,0.489654544065683
5675,0.384716203075733
5678,0.154319829323494
5679,0.265965994817164
5681,0.345919581660134
5682,0.779609329098117
5683,0.774188823077165
5686,0.180423720571321
5699,0.178283395612606
5714,0.327407954392509
5718,0.575493853716693
5721,0.217640164245066
5722,0.610508367842175
5724,0.446494911419512
5730,0.281107459422805
5734,0.180955863800037
5735,0.641622525553778
5743,0.904928308031538
5744,0.686289615088492
5745,0.921446533034919
5746,0.195104977636259
5749,0.409310164125632
5750,0.241618845653502
5753,0.199468078354398
5754,0.841619104058693
5758,0.310037361457663
5763,0.197620918311789
5770,0.16652970750732
5786,0.552855010188703
5789,0.933316389883974
5798,0.904277150855069
5799,0.821375317112457
5800,0.952727823145184
5803,0.143884443719947
5804,0.902723245792395
5806,0.304758299841557
5811,0.778095304061078
5813,0.741210455982611
5817,0.934156277538425
5820,0.940748595457118
5821,0.250547751418123
5823,0.876457412930714
5826,0.464261201054648
5827,0.191161558044228
5831,0.780307118988943
5832,0.836002950018746
5838,0.385772345431478
5840,0.209526379783489
5841,0.672805342913677
5842,0.344516584181479
5848,0.586338538244454
5850,0.230547165650489
5851,0.202594760762824
5856,0.892288851867229
5857,0.188846963126302
5859,0.272268857562465
5865,0.855845385088519
5866,0.912163931885999
5868,0.796569564216148
5879,0.924586344014801
5884,0.940628927009308
5885,0.144920070210094
5886,0.478672153148019
5889,0.835182372296062
5891,0.173694236025425
5896,0.921638357052416
5901,0.119228035948432
5903,0.707467121823003
5908,0.261455096035999
5910,0.200244189635663
5915,0.930309322535325
5916,0.497640501943773
5919,0.254622063511352
5925,0.831218912803598
5927,0.26774335709825
5930,0.907599859967481
5936,0.15263402832634
5937,0.940397451502513
5944,0.402275269994523
5956,0.170746574429602
5960,0.146190001449857
5966,0.45242535806651
5972,0.211329814988413
5980,0.268030500682311
5985,0.858318857987158
5987,0.152743590047281
5991,0.567905270271625
5995,0.921620814908415
5997,0.190765657994019
6000,0.949932557613555
6003,0.667794079898855
6007,0.391844969656829
6008,0.266427445524885
6009,0.335956551879494
6015,0.359562943082033
6016,0.590226306512507
6018,0.264569276752621
6021,0.7412975855937
6032,0.260361035906149
6033,0.163438125649079
6039,0.259717231391286
6040,0.192127499423433
6041,0.377363440462693
6043,0.351135325991359
6044,0.17734188904765
6046,0.495058165598622
6047,0.244046431498901
6052,0.712165825138754
6054,0.325180884479593
6058,0.130993959226435
6059,0.264663906192372
6061,0.35949174175964
6064,0.190648842834191
6068,0.18137749989818
6073,0.23111676301237
6074,0.358022333027798
6076,0.880382854975111
6077,0.845693151612315
6078,0.499896399923744
6079,0.488037275750663
6081,0.890868765357492
6085,0.382139011877391
6086,0.318526153021467
6094,0.780164426778807
6103,0.193479781704386
6104,0.90903602094966
6107,0.149600429052118
6108,0.876791700220811
6109,0.409944623081404
6111,0.169958329849215
6118,0.35805014955053
6121,0.395285201137148
6126,0.31208936114668
6128,0.192375133496633
6130,0.189321384172592
6132,0.764053039741535
6133,0.406712290215658
6134,0.877852650573828
6140,0.875366503930406
6145,0.885204550196759
6148,0.729851624625509
6156,0.525048664083485
6163,0.184129095257752
6165,0.791234172856804
6166,0.202134744831858
6172,0.952803963676071
6178,0.16187468847377
6179,0.14665468997371
6182,0.511400600376619
6184,0.890630980063701
6185,0.517802669242728
6187,0.941323857038581
6189,0.219143409522032
6190,0.720966635075372
6191,0.465478425175217
6192,0.187274152359859
6193,0.240572957615513
6196,0.278937970903035
6202,0.205078816524815
6205,0.157719872882243
6207,0.314667881766936
6209,0.606169546772843
6215,0.916909544767776
6223,0.936030684494924
6228,0.171838521790984
6229,0.212383483642419
6236,0.311849066981936
6237,0.914225741459763
6241,0.93094507560815
6245,0.939930616066742
6247,0.751466680487713
6249,0.472111857352416
6251,0.852114061474306
6258,0.208659099467332
6269,0.167807080645321
6272,0.916037330429065
6276,0.205033857346425
6277,0.414008022204755
6280,0.200753134079674
6282,0.357429203754984
6287,0.670542704140672
6292,0.257962333019148
6294,0.615064749863878
6300,0.398019513389486
6302,0.506453732280782
6304,0.222666887559662
6313,0.285233866139647
6315,0.85692668259811
6317,0.871383973471323
6329,0.242105728703804
6333,0.462408950185423
6356,0.840611686150308
6357,0.934809107466257
6358,0.284367181299895
6362,0.287415696957305
6365,0.706999241812626
6369,0.323732098190794
6370,0.687567155135805
6371,0.171977198058161
6375,0.841547553950076
6376,0.242175000031615
6379,0.148181298012816
6380,0.163092207193672
6381,0.450155872552484
6382,0.360419648839059
6384,0.889218286830856
6386,0.221880351957202
6393,0.301262111220176
6395,0.440801306230678
6397,0.512957834373797
6401,0.176232539933324
6405,0.629764668713825
6413,0.750735796339281
6414,0.239275031602345
6423,0.848873630618754
6426,0.278976712578923
6428,0.52352214053942
6432,0.691545069936518
6437,0.26472138396013
6440,0.220104144028147
6445,0.220635491850215
6446,0.42898206731873
6449,0.200902415858816
6453,0.163189877298346
6457,0.838579178889191
6459,0.752274569463036
6465,0.211527886325517
6470,0.274441567716964
6487,0.21196855455215
6490,0.480409953786075
6491,0.121149556028901
6495,0.879978492785479
6507,0.571447880071786
6508,0.900011825004241
6510,0.509773434645825
6516,0.224522219779754
6517,0.759806351882894
6519,0.403126096890282
6522,0.946305804788808
6530,0.726294791392426
6539,0.8824719188067
6541,0.163910669206289
6544,0.38666898470369
6547,0.167377997774738
6548,0.162324030588625
6549,0.264553539052266
6550,0.898363017753734
6552,0.211448815614921
6553,0.883498460780377
6563,0.25428735613641
6567,0.226537834293702
6569,0.895149621521623
6575,0.881259509108381
6576,0.876204853379241
6578,0.264229994612124
6583,0.710935248585211
6584,0.918241177367201
6592,0.238252780393042
6594,0.157496326855922
6597,0.36223501804784
6598,0.892800339814356
6602,0.811299975491337
6604,0.794325919205485
6612,0.429418215536937
6616,0.833458283135996
6618,0.845089973627182
6624,0.639853702674031
6625,0.7749458660903
6631,0.131521252682541
6632,0.681864708666081
6633,0.585424041235488
6637,0.27885382074661
6638,0.240952663517901
6642,0.199830961359919
6643,0.33392268809519
6645,0.905516919167436
6646,0.918744591962107
6650,0.355455953899261
6660,0.260151037886523
6668,0.776744629918909
6669,0.503486966007317
6677,0.875513388365128
6679,0.931832658108525
6682,0.238357222137909
6685,0.24106749808577
6687,0.943363665290864
6688,0.639414934354609
6689,0.491261819626176
6691,0.923112507984285
6695,0.875598803893013
6698,0.947989566887792
6701,0.588853834021717
6705,0.21485521235041
6706,0.299723536703286
6709,0.145295353645132
6712,0.693768932629887
6719,0.39110789186987
6724,0.935747579074761
6725,0.185730233268788
6729,0.246841267839735
6736,0.461395146501567
6745,0.225895924555715
6749,0.369622657573931
6752,0.138766016148757
6755,0.9694378035447
6756,0.445864106609904
6761,0.898148094809213
6763,0.493411106393888
6766,0.199949968497214
6767,0.488271420294018
6770,0.757372509084245
6776,0.693380013718502
6777,0.209418315643977
6783,0.184180131342605
6785,0.214767850234413
6786,0.835750297080445
6788,0.920764590544538
6795,0.603585716611196
6800,0.138494273760276
6802,0.58303584699002
6803,0.913349433156807
6804,0.184957548687506
6808,0.329052440559761
6809,0.312936243893577
6812,0.317910085025672
6816,0.612152616504243
6826,0.903356920591229
6827,0.227187399497565
6828,0.934848450746409
6833,0.584133167602171
6836,0.914576269687481
6838,0.849348148540528
6842,0.64910665032996
6847,0.671412880125407
6849,0.209432546866264
6854,0.431118727605744
6865,0.161985583663211
6866,0.145088283756182
6870,0.956311868586083
6872,0.915847250690009
6873,0.322670593565527
6885,0.194718885621209
6895,0.282556608782496
6896,0.342275307706274
6899,0.241574910211753
6901,0.247942503666589
6902,0.305010281126987
6903,0.26008065251229
6907,0.506804541267874
6910,0.428581112298015
6911,0.855105650884347
6916,0.30476368927638
6922,0.178736830565174
6924,0.250846809494057
6925,0.670526140267936
6926,0.704460929027442
6932,0.333412844572163
6933,0.231967312585391
6936,0.885365607046666
6939,0.439370523179814
6941,0.240018104705699
6946,0.130453769891876
6955,0.434263838202599
6957,0.194947323528117
6961,0.239166103453703
6962,0.400261424798848
6965,0.157319444138545
6967,0.43963878921473
6974,0.576236222528748
6976,0.399287877092835
6977,0.340305294460848
6982,0.333888317648096
6985,0.259024791045511
6988,0.123173262488433
6990,0.952594491724562
6993,0.82012516132212
6994,0.488227538716954
6998,0.935850290847092
7002,0.204963886341282
7003,0.400100973492611
7004,0.900934246886639
7005,0.24771176020827
7006,0.895340703660308
7008,0.910899155136053
7012,0.961506171804119
7017,0.338852880822379
7022,0.22130499106435
7028,0.950385445041237
7036,0.707404332964509
7042,0.901939223284115
7044,0.893788922428362
7048,0.209212335025716
7050,0.27181423262757
7058,0.933362014009214
7059,0.929157933844457
7064,0.771580679979724
7070,0.920181335443389
7074,0.913798350412891
7075,0.211047373208879
7077,0.150858593578376
7078,0.155469910641701
7081,0.895458693711113
7091,0.870055372513816
7093,0.392361469828463
7094,0.159282181222033
7095,0.352221787052212
7104,0.231326430910379
7105,0.271244431077722
7107,0.422558707170549
7115,0.352512735437778
7116,0.226695819110763
7117,0.211206236005155
7118,0.882346269813242
7122,0.50071670928681
7125,0.879391361657744
7126,0.187661846281452
7133,0.304885387153791
7134,0.251236713733094
7135,0.381318899438752
7139,0.271258982054816
7147,0.935794391128184
7156,0.314889262961291
7158,0.765564298267317
7162,0.226980103070642
7164,0.672784495937927
7166,0.913970708736139
7171,0.519720478569944
7172,0.262364566386542
7183,0.413164599279148
7185,0.838569352551211
7188,0.211541809831215
7189,0.133575655438447
7190,0.67716261428839
7199,0.901001652356298
7201,0.280920953626084
7205,0.156783956850156
7208,0.612234444540798
7210,0.50845544306633
7213,0.831266223442555
7216,0.194356223474773
7218,0.144851807364517
7228,0.914268010858486
7232,0.349821196384485
7236,0.26188732137295
7243,0.282808570047119
7247,0.295498507615944
7250,0.783436772417614
7251,0.182333031655563
7254,0.948569917717774
7257,0.281444900642333
7258,0.885384889820242
7259,0.839678695544658
7260,0.321742697610283
7261,0.679668026356642
7264,0.837000200293605
7273,0.370332030169691
7277,0.279620246076708
7279,0.907520947184242
7281,0.263965903344987
7286,0.601573928875789
7287,0.756459559920663
7288,0.421649443416593
7290,0.296358886312383
7295,0.263947138941778
7296,0.112254524601688
7299,0.814428780795152
7301,0.859050704995452
7306,0.215267549414707
7313,0.516511559943559
7314,0.954360431112866
7321,0.287517520296052
7323,0.124178569918516
7325,0.888275022410451
7327,0.27573534603912
7329,0.921163579490335
7336,0.952609560236006
7337,0.20493214451229
7339,0.935732607554898
7340,0.205959870413814
7341,0.876587687768299
7344,0.756957047548839
7345,0.255709915321491
7349,0.445512465774131
7353,0.869760126359876
7354,0.293647066291426
7358,0.861762843395304
7359,0.915771879499362
7365,0.734091133667475
7373,0.766906346015591
7376,0.149531383080497
7377,0.921981455479303
7389,0.401774884030567
7393,0.928735928327893
7395,0.832378729949728
7401,0.198456718990315
7404,0.938145792479663
7406,0.51533542315333
7407,0.288580032280847
7413,0.23655876327313
7417,0.717082354028842
7418,0.937316218854053
7423,0.426517705519389
7429,0.93033667152501
7430,0.853418572202833
7432,0.389653847774013
7435,0.924965979066932
7437,0.175017930464444
7438,0.162326603699797
7439,0.122333279651363
7441,0.856655977734631
7442,0.417588006342579
7447,0.243544082395855
7448,0.18184924173419
7449,0.854466170846127
7450,0.19051667238333
7453,0.293817725292621
7454,0.146684123386368
7455,0.537658330689649
7460,0.833077669020324
7465,0.245379669009939
7467,0.113219612440894
7469,0.816566188710034
7470,0.5170652674492
7472,0.901407658199602
7475,0.785165517504471
7479,0.251312990184044
7481,0.264860897390208
7482,0.826168511859115
7495,0.350326260677804
7497,0.234667238002887
7499,0.876531286200222
7502,0.587284015585583
7503,0.510506876322202
7505,0.387114033539456
7506,0.807016093556119
7509,0.725694278670404
7528,0.51537543846007
7530,0.889611700042366
7531,0.756204447446317
7534,0.928712186634937
7536,0.508909784965438
7539,0.914245372409075
7540,0.924933707382181
7545,0.189452722234131
7558,0.213989952528832
7560,0.859820362877323
7567,0.370803704254069
7569,0.378196976165414
7570,0.284713726093319
7571,0.869946790632925
7573,0.200166453657094
7574,0.946393912700492
7576,0.934448415157814
7582,0.824493407953779
7583,0.362596977896292
7584,0.635907072145041
7588,0.80197684634693
7590,0.841610200565653
7594,0.626817587050211
7595,0.795175937772389
7600,0.178930737927519
7602,0.230763360023336
7611,0.933471069409717
7613,0.308830177305978
7614,0.400792822227241
7616,0.243132590249513
7618,0.36794691873454
7620,0.296323558729609
7623,0.669070204569018
7625,0.318659952829975
7627,0.86651156900871
7628,0.401259786622452
7630,0.33336250351436
7633,0.904329095722942
7636,0.339096220078174
7637,0.905127263055428
7640,0.135533827135708
7642,0.912850622467093
7645,0.905318409282488
7649,0.93909861411221
7654,0.947984234905577
7656,0.641765796469433
7657,0.174308967671471
7659,0.196395917735019
7660,0.869701718597426
7670,0.131904667718068
7673,0.797328884487019
7674,0.244449984336554
7678,0.567193976729588
7679,0.877271880554291
7682,0.166341111385888
7684,0.222963413496977
7685,0.487028944540362
7686,0.903660315063106
7687,0.614740493058292
7698,0.285270535767324
7699,0.227869398666603
7702,0.676322815203053
7703,0.129894275138537
7706,0.267494978580982
7708,0.918424110386215
7709,0.135512899079568
7711,0.621567458590272
7712,0.414593746957494
7713,0.752982601164639
7715,0.195931566439736
7716,0.188896614053981
7719,0.145182399220627
7720,0.269012656155068
7722,0.329919590773979
7726,0.764624889352621
7727,0.194331470825538
7734,0.224475897127615
7735,0.135341800714694
7741,0.626783673157015
7744,0.933132876383605
7745,0.876439446177927
7749,0.486953635069461
7750,0.321564735908019
7754,0.738741125152091
7756,0.166193971837083
7760,0.731543009096345
7765,0.22169464678655
7771,0.301579898175265
7774,0.330493274112926
7775,0.272631472415876
7777,0.691808603611165
7780,0.182268361161904
7782,0.192446722382059
7786,0.183551353407016
7796,0.930868502444961
7798,0.350034227542151
7801,0.78140522792516
7802,0.485412119244237
7804,0.914006865352758
7806,0.749175162479148
7811,0.232999917002225
7812,0.863686055439074
7820,0.39578151333992
7824,0.480959327980776
7826,0.91201266498608
7827,0.284186017340297
7830,0.692863140689134
7832,0.696294032648844
7833,0.166535855001554
7836,0.721852637348913
7839,0.230975733367924
7843,0.159889745971299
7855,0.965322238275518
7859,0.954135652863758
7861,0.90172027870238
7863,0.288470544386207
7864,0.314192931720916
7867,0.242696329096103
7871,0.91595602121046
7872,0.56060695130519
7879,0.48155395939224
7883,0.234769219571901
7886,0.874477715199273
7887,0.515175029129337
7888,0.802586245247408
7892,0.43352372029435
7893,0.646511114426779
7894,0.654153885844741
7896,0.311472775852947
7903,0.519571540864576
7904,0.943710484073224
7907,0.80033523756207
7908,0.949817181720147
7910,0.167893123581558
7912,0.426527879654996
7927,0.877889383300506
7930,0.358553962836063
7940,0.768199090766989
7945,0.158716847683088
7951,0.225131967832672
7952,0.926386713899791
7953,0.946042441388627
7955,0.875293732685479
7956,0.186070793202791
7957,0.905092527137803
7963,0.149501895651204
7964,0.187378363146376
7966,0.667273295949601
7969,0.181625415258655
7970,0.168251140157667
7971,0.786359407069999
7972,0.696934026199199
7975,0.914666776296561
7981,0.665172776388059
7984,0.465464980796881
7990,0.273099714256512
7993,0.168643950154303
7995,0.926322913914434
7998,0.283995131829612
7999,0.222033223190782
8005,0.171454526469978
8009,0.774158761366838
8013,0.322089015065477
8018,0.188053095122166
8020,0.884843240237598
8021,0.537150042008647
8024,0.149717578308043
8025,0.251013089626675
8027,0.272336393062498
8028,0.851607476832279
8031,0.63184273840076
8034,0.861051733638625
8037,0.791580276291437
8039,0.929226639598693
8043,0.449821298264894
8045,0.259181458844545
8049,0.596346245147945
8051,0.436430612259149
8056,0.169552451508228
8060,0.832723671208785
8062,0.706459033998987
8064,0.386769277857409
8071,0.518602082984512
8074,0.168796574938669
8075,0.526042696934372
8078,0.219152891432723
8082,0.144063826927172
8085,0.299527567068147
8093,0.904246103298272
8097,0.926907427903209
8099,0.757223094055365
8101,0.210098238193605
8105,0.297677889267782
8106,0.161967093017656
8107,0.808831817198761
8108,0.229587633216244
8114,0.643124204169778
8115,0.226682585909252
8120,0.158427341399031
8123,0.332887029289757
8124,0.205050811585659
8125,0.239318056561733
8127,0.935668297986297
8129,0.380071305293113
8133,0.214082387316011
8136,0.182986409572094
8141,0.353914885832448
8142,0.182103425765234
8143,0.731694110123155
8146,0.925384060729131
8150,0.313774985005344
8151,0.282031337040492
8152,0.18789730947681
8157,0.281710250753062
8159,0.964480122530949
8162,0.881933968280153
8163,0.338713670791975
8164,0.355547304001179
8167,0.561023676723577
8170,0.292303077975482
8171,0.335284487447507
8172,0.183403900016227
8174,0.469737211479064
8177,0.384056707624066
8181,0.384484409875646
8184,0.161689907460734
8185,0.327753951372248
8188,0.92773857728795
8190,0.210397882923244
8196,0.61113259658079
8200,0.124496267661287
8207,0.728664134946689
8208,0.267639386908758
8210,0.176540996625385
8213,0.279666433253028
8217,0.821007166510075
8219,0.576635697019427
8220,0.540504636327287
8222,0.914790834342837
8223,0.222663152315078
8226,0.743855323889504
8231,0.1619008651813
8237,0.20322528870156
8240,0.216564756558609
8243,0.191654034725731
8252,0.133695730298515
8258,0.38547401133892
8265,0.330876723145037
8268,0.919920244965486
8270,0.399989955637912
8271,0.172516505201319
8272,0.921569253046063
8276,0.175086688433319
8280,0.236129761820722
8285,0.445080566951768
8286,0.660762585031322
8289,0.815213960526909
8291,0.26226068417688
8297,0.400695288027165
8298,0.329806198376406
8300,0.390077080292449
8302,0.886306375917982
8306,0.291661990412918
8307,0.194894967408636
8309,0.834899067048605
8310,0.92471502012556
8311,0.296094609043748
8320,0.953219328662479
8323,0.871239854590633
8328,0.70140907755765
8334,0.141467387608695
8340,0.916389891413684
8344,0.924697675581883
8351,0.124037962935104
8357,0.647615713182406
8358,0.813040808743455
8363,0.162832699072983
8368,0.51074716114071
8375,0.964831084822774
8378,0.178081562617462
8380,0.901490476672342
8385,0.483758560234003
8403,0.801960080367246
8404,0.9457232693175
8407,0.485412646426764
8408,0.888748793738055
8410,0.783610768305118
8411,0.923172612312827
8413,0.850551949841833
8418,0.516759015357232
8421,0.449306450325625
8423,0.214771881772098
8424,0.211954532570395
8429,0.216408771580697
8431,0.787220748388765
8432,0.216210419214499
8433,0.682579966801779
8436,0.959144967156792
8439,0.690757860248245
8440,0.249388621311227
8445,0.820159916865578
8446,0.212494853985956
8449,0.718177158477743
8451,0.127048050260944
8454,0.185068472355683
8455,0.903605475582575
8456,0.370493085712622
8459,0.836332422776183
8461,0.557773627167249
8465,0.911219891117492
8466,0.24228613513262
8469,0.307854098798983
8470,0.900808560710061
8476,0.797321230549127
8481,0.862103060093326
8482,0.240418479157914
8484,0.157250913977332
8486,0.902317847039522
8487,0.209634861499806
8490,0.177793004697724
8496,0.273255133334077
8497,0.170841375249723
8499,0.221196584547538
8503,0.907646260983728
8505,0.320859508242003
8508,0.204149488796023
8509,0.224909982104019
8510,0.40848271066411
8517,0.31280712695723
8519,0.282120834099545
8520,0.923180009873151
8524,0.946345712892458
8528,0.224200626811809
8530,0.181991412312861
8532,0.945455153588831
8536,0.190982057584884
8546,0.335225181126668
8551,0.228459529464794
8558,0.414765811848813
8564,0.364386981500691
8566,0.32494304044028
8569,0.924055009376747
8570,0.654739465207906
8571,0.93158667798405
8572,0.282541071529211
8574,0.507826783423621
8576,0.132952796596962
8583,0.356819119962342
8587,0.913138154389309
8590,0.823745300712699
8594,0.509949617400405
8598,0.835926529580118
8599,0.891589174940575
8601,0.218535441588384
8604,0.742872659873509
8615,0.928511959922331
8623,0.120638137132345
8629,0.782402832885489
8632,0.220918352781447
8633,0.929662675124769
8636,0.366074174187721
8637,0.269500562813526
8641,0.143608076971787
8642,0.733724705785071
8643,0.910227489487313
8647,0.901753550352209
8651,0.169018922064195
8657,0.797186512965695
8658,0.149928645224732
8660,0.227188995808431
8661,0.954632305114442
8664,0.12301670598329
8667,0.861590738056713
8670,0.215907956595708
8674,0.252728901619061
8678,0.6579650304384
8683,0.470199200389055
8684,0.901360452195417
8687,0.372712541605202
8691,0.294689964481363
8692,0.916136039473032
8693,0.2188971598902
8696,0.173270997287439
8700,0.211649974021176
8704,0.823056361837377
8711,0.222267770045946
8717,0.471477935597597
8720,0.561002189395305
8721,0.328348816569673
8726,0.237657756813781
8741,0.156888932277098
8744,0.125417511819085
8746,0.890634571865948
8748,0.835332348332273
8757,0.545765386733208
8762,0.181173592970588
8767,0.905691573694143
8771,0.265638466856736
8772,0.271595288485225
8779,0.246018531359295
8784,0.196879580866491
8785,0.277155239134286
8786,0.136663123867147
8787,0.345043389846198
8788,0.899161566207631
8798,0.518926420643909
8802,0.184653270858591
8805,0.949947317707637
8810,0.94222930891719
8817,0.252551076507645
8819,0.181347590023589
8829,0.210676855433534
8838,0.843118747070557
8842,0.1426239338474
8844,0.881578978629664
8845,0.509276645560519
8847,0.31870610256415
8852,0.190600890674334
8853,0.129112163753166
8857,0.823436458664723
8862,0.137765711639732
8864,0.484047487127498
8865,0.285311671459758
8866,0.47444458124137
8871,0.328026387607333
8876,0.729355739007936
8884,0.233625519403643
8887,0.50497386683054
8890,0.134323986832167
8900,0.340261457671425
8902,0.923978221356013
8909,0.175039770112562
8912,0.929011994292615
8913,0.887653721413735
8914,0.638445352340774
8916,0.256386535438591
8918,0.306060848262439
8921,0.598474855613457
8927,0.216394064877541
8940,0.285205593310876
8942,0.193185945798653
8955,0.950959133113737
8960,0.817447101960324
8963,0.643357786294737
8964,0.252416189422254
8968,0.409413689072268
8970,0.279040297508127
8971,0.209430885737338
8972,0.208171340662102
8974,0.652106758544782
8977,0.801307389627607
8978,0.22979928347051
8980,0.910514034296158
8981,0.322258486126385
8983,0.222266629853938
8986,0.188833397538192
8988,0.777874651136178
8997,0.855920520555553
8999,0.237942547774149
9001,0.858705029076196
9002,0.416654591602331
9003,0.240808493866476
9004,0.195089129525394
9007,0.936866538197063
9012,0.179238055317402
9013,0.48975879942122
9018,0.837598425950298
9020,0.208978310225253
9022,0.203599927119793
9024,0.496725418262215
9028,0.651605918522954
9031,0.4118163689037
9033,0.304616204214941
9034,0.74882049735735
9038,0.249121967486252
9039,0.140083020328623
9045,0.458423192845594
9046,0.196187263154844
9050,0.271714855240062
9053,0.481888521718013
9056,0.177866559104909
9057,0.399588870786697
9061,0.216150453109309
9064,0.176323253484488
9084,0.372570987647996
9086,0.871575120379417
9088,0.678279955106633
9090,0.289709339814985
9091,0.880018718500998
9096,0.321303009167252
9099,0.23794531856244
9115,0.4553512620101
9120,0.856076890510414
9121,0.282080483639598
9126,0.92973054443145
9128,0.546418339424845
9130,0.931770008928438
9132,0.439219575140843
9133,0.278875351047321
9136,0.224636863851711
9139,0.656413273535653
9143,0.227956418426502
9144,0.948586666065293
9148,0.9077816514248
9150,0.4391204779586
9151,0.900876588148475
9153,0.326989310846196
9154,0.378594672355012
9167,0.512230641807937
9176,0.923443094635857
9178,0.242803640083402
9183,0.423493823813819
9186,0.932645799254673
9187,0.450004978932987
9198,0.926743131104817
9199,0.163590117043685
9200,0.137382503272203
9206,0.152685566147225
9207,0.68996967595531
9210,0.630278397443569
9212,0.243461546432552
9214,0.623875303573455
9215,0.436680419581426
9218,0.246958653572067
9223,0.377736654825103
9227,0.930117422364651
9233,0.542435235972978
9234,0.484715650397422
9235,0.198199807129614
9239,0.184456509972813
9241,0.683771071703785
9246,0.155229689861581
9247,0.353271336586468
9249,0.245900278610135
9256,0.362172629173488
9262,0.900119626747251
9263,0.288818573652098
9265,0.194051495128767
9266,0.945587784176527
9271,0.920167805295113
9272,0.163591116390427
9273,0.647453623508931
9274,0.917016901536271
9275,0.265556523820376
9276,0.298354249400469
9280,0.257785849272336
9281,0.241271828609187
9284,0.938988882517581
9292,0.47190524440727
9294,0.281662863704983
9304,0.22884184521765
9306,0.900177121651413
9314,0.905606131026576
9315,0.542968329749488
9319,0.837571537950215
9322,0.81582951149422
9326,0.411934266964185
9330,0.9189195616752
9331,0.311617263503966
9333,0.511578205391495
9334,0.682044413288747
9337,0.260555685632507
9339,0.16121762379551
9340,0.293810042629051
9344,0.577978088828737
9354,0.786922363541543
9360,0.940106516025369
9361,0.132128260075903
9368,0.792154351315401
9373,0.181845605726102
9374,0.192619391644484
9375,0.619002925260849
9377,0.593041356699758
9379,0.95215558632329
9381,0.722679233294673
9384,0.862455736033404
9391,0.949053472968181
9395,0.355047839849841
9397,0.732128348154441
9400,0.118827558154665
9407,0.203181690375826
9411,0.240173387203221
9413,0.157438821117602
9419,0.210376773091078
9421,0.204838145367985
9425,0.88128735984461
9435,0.904339575346844
9437,0.898376286646607
9450,0.257356068146251
9451,0.945029446505012
9452,0.351328655357378
9453,0.873481607020958
9457,0.290581869228124
9462,0.162704053937562
9464,0.282066136051712
9465,0.803844198338233
9467,0.331132854769161
9469,0.175088319524787
9473,0.395015782433153
9491,0.929640455761719
9495,0.875879852296063
9502,0.47028222577889
9509,0.127776237726415
9518,0.154432857181596
9522,0.309500473662502
9524,0.934647484596969
9527,0.234231413784081
9530,0.288919027384416
9533,0.877482319799335
9542,0.918241344307841
9543,0.930547088509866
9545,0.22505658665005
9553,0.333236437019853
9556,0.466820048166307
9558,0.265205183227649
9560,0.800975364929306
9561,0.189844465709146
9563,0.9424856961762
9571,0.830210918240276
9575,0.908869247736065
9582,0.505519912062923
9588,0.184054465488468
9592,0.566447187532327
9593,0.917297467221207
9596,0.948067662043055
9603,0.915975795432626
9604,0.900048549437635
9606,0.312656475607899
9609,0.295534512426991
9610,0.183816797923803
9612,0.231458333762688
9615,0.513786357523788
9619,0.217224002996789
9622,0.249864998307475
9624,0.947113564205938
9627,0.167170132639712
9632,0.917849022456794
9633,0.214840987370037
9634,0.94512731320769
9635,0.914451378356485
9636,0.464740611249093
9640,0.359744080431969
9642,0.526914156580174
9643,0.211764992177557
9648,0.300538903208753
9649,0.264200205842871
9651,0.419718062988819
9656,0.683131432864876
9658,0.500974517237769
9660,0.942234865946613
9665,0.429287638566059
9667,0.905139909256026
9672,0.217432117796324
9673,0.962985430374603
9688,0.943225429530848
9699,0.515573794493891
9703,0.352472962667903
9705,0.20501695041252
9706,0.947693011211163
9709,0.417818791211914
9714,0.930762953397628
9715,0.91180459545473
9717,0.859705589953842
9724,0.204016965139282
9727,0.345976464903401
9734,0.216467797007223
9737,0.900584047574561
9743,0.920052463327801
9744,0.269322458819742
9745,0.195845067885971
9747,0.314153051083453
9749,0.919078587514975
9751,0.822055294384525
9756,0.177269009631853
9757,0.945978169565162
9761,0.811504911109578
9763,0.661137915715501
9767,0.38386828977957
9768,0.511450680039439
9769,0.26265418651133
9771,0.903617236323355
9778,0.120803933476152
9781,0.220683768149675
9782,0.843817752045025
9785,0.318269534179514
9788,0.925828086298843
9789,0.616706935214047
9792,0.151821031135753
9797,0.29275109263752
9802,0.833758203400124
9805,0.19216649493486
9809,0.24367363233047
9811,0.438535149635284
9813,0.288389517141451
9815,0.542246471859162
9816,0.237552831232761
9820,0.430253217580206
9821,0.894404505511833
9830,0.885135501363676
9835,0.21774003613338
9836,0.338587242004542
9838,0.185058375448919
9839,0.284725788358151
9840,0.949797259532395
9841,0.94856232556834
9847,0.172433715418232
9848,0.932829170693666
9852,0.691878964417001
9853,0.409444706542942
9854,0.536614634091164
9856,0.120554486363439
9863,0.191656045214185
9865,0.226464004295652
9873,0.906947440070957
9876,0.857422370509738
9877,0.866399764420302
9885,0.179737150013931
9886,0.90374882231218
9887,0.474136903444424
9892,0.2823139853967
9893,0.205047318978952
9896,0.176803441796606
9906,0.941036083130711
9908,0.380340090260139
9912,0.863285630525413
9915,0.135217706703432
9924,0.132319238166543
9926,0.139969715294822
9927,0.139347797855897
9931,0.813416537142635
9937,0.397916169913836
9942,0.91372727770918
9946,0.336939299593692
9949,0.488902041289023
9950,0.80626522156265
9958,0.193166214780089
9961,0.908036043586588
9970,0.597914183821051
9972,0.238828355909203
9973,0.908114608552211
9981,0.888297944990769
10001,0.228823886706808
10003,0.902628514943233
10008,0.42949409612045
10014,0.94577483253753
10015,0.867026695512732
10021,0.143916897244414
10022,0.262263799444057
10023,0.802683227392745
10028,0.260524098780448
10035,0.633983900111328
10036,0.807026584212459
10046,0.159547129058695
10049,0.713843574344555
10060,0.432203947139033
10066,0.129546422466849
10068,0.481217846992738
10070,0.955088360395385
10071,0.667071823487562
10073,0.880132402915253
10075,0.341442522372316
10081,0.29938124374592
10084,0.283417764075012
10085,0.430722534879477
10087,0.238658765333966
10090,0.252319445828132
10095,0.364234221009906
10098,0.757424591768996
10107,0.659750236376182
10111,0.735902344140688
10114,0.147953447723322
10115,0.303804614944537
10123,0.443824263864535
10124,0.154009953000432
10125,0.423142648115153
10127,0.956582442576474
10134,0.767898488120563
10139,0.896920390780792
10145,0.799071579246797
10147,0.760740562764663
10155,0.180000704555915
10158,0.191348754808262
10162,0.833736687842141
10168,0.237175103574452
10175,0.519517482069939
10179,0.177393929236489
10180,0.513552449860624
10181,0.266078890319568
10186,0.18181635484169
10187,0.472484530550124
10192,0.352511962605222
10193,0.693719106037948
10194,0.463324158067838
10200,0.17194621927461
10202,0.515343770993197
10203,0.445515010013914
10204,0.251062155788373
10209,0.486051482864444
10210,0.195485276997166
10214,0.193496216158232
10220,0.93801979678195
10221,0.518758516194657
10227,0.377146570478752
10228,0.891057334548903
10230,0.234179050584662
10232,0.213610964203066
10233,0.197011391099209
10234,0.34447741332309
10235,0.44759860786337
10254,0.450625939178972
10255,0.259193157284589
10261,0.543091817033663
10264,0.725912790402271
10267,0.901438693674887
10275,0.169910177417116
10276,0.232531837234174
10282,0.788856045853111
10286,0.940631935561262
10289,0.872284915239329
10291,0.612483820924651
10294,0.924944994133563
10296,0.254075986995849
10298,0.425596909595025
10301,0.935540607740325
10304,0.291252473116143
10307,0.743459638248706
10311,0.878817025211676
10313,0.791526622435241
10318,0.136787087978443
10324,0.122670235407369
10326,0.31644769929106
10327,0.497130534369288
10333,0.285492657001033
10337,0.132537154734057
10343,0.173702678876303
10349,0.945341079445402
10351,0.191136177003181
10355,0.293694837967548
10357,0.162057162359769
10361,0.506815737157244
10371,0.209170084149099
10377,0.282784968526251
10378,0.914852500490779
10381,0.916134378952408
10385,0.230275156293546
10386,0.238950421310431
10390,0.309885686157774
10392,0.116133950296846
10393,0.845251619734635
10394,0.769186857512427
10395,0.184056469561918
10397,0.298599084544163
10402,0.178474908428219
10404,0.772310878562024
10406,0.953093941086385
10408,0.929744690150503
10412,0.469507851690798
10413,0.963364421573058
10414,0.771470432768189
10421,0.27845366654633
10428,0.387387101494698
10436,0.310223909660038
10438,0.442874595738681
10442,0.357753925600338
10445,0.899317449994409
10448,0.944972533363791
10450,0.190042153865162
10452,0.898752777834076
10454,0.927392327737939
10455,0.222321618788044
10457,0.928517852707193
10460,0.961993574996797
10461,0.309838125569144
10462,0.77084091302093
10463,0.910597803843953
10464,0.944060631290083
10466,0.457884833110424
10469,0.164320390609784
10475,0.135155044132377
10476,0.734975612152319
10479,0.140315700359261
10481,0.232597049661322
10482,0.940117948442072
10486,0.922941214807601
10487,0.280666517157301
10490,0.42231190870757
10492,0.774520992034228
10498,0.785772771316935
10499,0.920478517353804
10501,0.283496902355647
10502,0.218030348926201
10507,0.230540920916767
10508,0.956413145467767
10511,0.117420209890696
10518,0.233379704408406
10519,0.914016134590751
10520,0.781242658262899
10525,0.938716858191758
10526,0.189011126922681
10527,0.959279015032015
10533,0.164993335083824
10536,0.17628627888671
10544,0.3050605464763
10546,0.284680960695751
10549,0.220282573805306
10556,0.892757031284149
10558,0.21593765911747
10560,0.683262314010809
10562,0.436531957125185
10564,0.659605677189715
